code,name,industry,area,pe,cur_bi,cur_profit
300595,欧普康视,医疗保健,安徽,44.91,51.46,51.85
300559,佳发教育,软件服务,四川,50.62,233.33,75.0
300461,田中精机,专用机械,浙江,34.37,177.1,687.5
000789,万年青,水泥,江西,7.58,56.52,143.54
300523,辰安科技,软件服务,北京,82.64,99.04,225.0
002867,周大生,服饰,深圳,20.91,36.25,59.21
300394,天孚通信,通信设备,江苏,39.53,46.25,60.87
002859,洁美科技,元器件,浙江,44.09,57.2,94.12
300389,艾比森,半导体,深圳,23.73,33.15,252.38
600801,华新水泥,水泥,湖北,7.66,43.83,317.08
600585,海螺水泥,水泥,安徽,7.24,76.77,151.42
002761,多喜爱,纺织,湖南,95.45,44.67,150.0
002376,新北洋,电脑设备,山东,31.22,34.73,50.88
600771,广誉远,中成药,青海,38.51,56.84,228.0
600161,天坛生物,生物制药,北京,36.15,136.16,54.46
603568,伟明环保,环境保护,浙江,20.27,65.13,53.79
002258,利尔化学,农药化肥,四川,19.16,31.31,97.5
001979,招商蛇口,全国地产,深圳,9.35,80.42,359.52
603313,梦百合,家居用品,江苏,55.33,33.28,125.0
600603,广汇物流,仓储物流,四川,15.28,107.76,90.0
002803,吉宏股份,广告包装,福建,17.27,112.58,163.16
300656,民德电子,电脑设备,深圳,35.89,341.67,112.5
600777,新潮能源,综合类,山东,35.38,200.0,432.47
000401,冀东水泥,水泥,河北,14.07,194.8,109.07
603505,金石资源,矿物制品,浙江,36.75,102.74,86.67
300381,溢多利,饲料,广东,46.86,33.43,86.96
300531,优博讯,软件服务,深圳,39.01,248.08,261.54
603360,百傲化学,化工原料,辽宁,16.47,43.81,66.67
002399,海普瑞,化学制药,深圳,51.4,79.95,415.56
600673,东阳光科,铝,广东,31.79,102.18,290.52
300012,华测检测,电器仪表,深圳,87.73,32.15,83.33
002233,塔牌集团,水泥,广东,8.14,39.35,99.48
000672,上峰水泥,水泥,甘肃,7.2,37.52,110.82
601330,绿色动力,环境保护,深圳,49.57,71.6,711.11
300384,三联虹普,纺织机械,北京,27.64,285.71,58.82
600315,上海家化,日用化工,上海,27.99,41.19,59.3
002371,北方华创,专用机械,北京,77.76,40.08,85.19
300149,量子生物,食品,广东,67.93,429.41,241.18
603636,南威软件,软件服务,福建,93.12,113.48,292.0
002020,京新药业,化学制药,浙江,17.33,50.64,62.03
603669,灵康药业,化学制药,西藏,24.97,49.59,155.26
002653,海思科,化学制药,西藏,41.21,87.21,110.67
300703,创源文化,文教休闲,浙江,28.19,31.69,133.33
002626,金达威,食品,福建,7.79,60.52,76.92
000886,海南高速,路桥,海南,24.56,68.18,326.32
300590,移为通信,通信设备,上海,31.58,67.14,112.5
002113,天润数娱,互联网,湖南,120.89,282.05,500.0
000537,广宇发展,区域地产,天津,3.95,206.34,507.62
002812,创新股份,广告包装,云南,212.17,273.74,659.46
300596,利安隆,化工原料,天津,25.6,34.52,72.22
600702,舍得酒业,白酒,四川,23.07,56.87,224.24
300130,新国都,电脑设备,深圳,37.73,158.61,287.5
600809,山西汾酒,白酒,山西,17.55,30.59,60.29
300427,红相股份,电气设备,福建,14.83,134.26,380.0
600426,华鲁恒升,农药化肥,山东,8.26,52.98,183.11
300420,五洋停车,机械基件,江苏,31.51,38.1,78.95
300492,山鼎设计,建筑施工,四川,101.84,44.12,100.0
300398,飞凯材料,染料涂料,上海,21.07,56.33,296.0
002422,科伦药业,化学制药,四川,22.02,49.56,91.54
300395,菲利华,玻璃,湖北,24.65,34.72,52.0
300253,卫宁健康,软件服务,上海,83.36,40.52,64.44
603127,昭衍新药,医疗保健,北京,112.72,45.33,59.09
601100,恒立液压,工程机械,江苏,19.74,49.1,122.61
600256,广汇能源,石油开采,新疆,19.31,64.79,257.97
600848,上海临港,园区开发,上海,63.95,36.72,76.7
300122,智飞生物,生物制药,重庆,47.26,339.2,257.52
603838,四通股份,陶瓷,广东,36.38,38.14,112.5
300401,花园生物,食品,浙江,22.78,101.3,157.14
000636,风华高科,元器件,广东,13.61,74.6,567.61
300529,健帆生物,医疗保健,广东,40.48,48.47,77.78
300285,国瓷材料,陶瓷,山东,19.18,35.31,91.67
300437,清水源,化工原料,河南,12.7,135.66,221.43
603208,江山欧派,家居用品,浙江,14.69,44.87,66.67
300132,青松股份,化工原料,福建,17.02,79.53,290.32
002373,千方科技,软件服务,北京,26.55,191.95,110.31
603338,浙江鼎力,专用机械,浙江,29.98,72.52,144.87
300423,鲁亿通,电气设备,山东,12.57,1229.41,2033.33
603909,合诚股份,建筑施工,福建,233.12,102.63,70.59
300146,汤臣倍健,食品,广东,20.07,44.91,59.73
000690,宝新能源,火力发电,广东,14.5,69.85,135.85
300630,普利制药,化学制药,海南,72.17,118.84,75.86
300696,爱乐达,航空,四川,34.79,70.0,300.0
600031,三一重工,工程机械,北京,9.52,44.72,132.5
300010,立思辰,软件服务,北京,0.0,41.13,106.45
002514,宝馨科技,机械基件,江苏,33.4,43.08,1450.0
603580,艾艾精工,化工原料,上海,38.03,30.95,55.56
603859,能科股份,软件服务,北京,65.78,238.71,100.0
300673,佩蒂股份,饲料,浙江,38.78,39.35,52.17
300725,药石科技,化工原料,江苏,53.25,72.97,95.24
300349,金卡智能,软件服务,浙江,15.23,38.27,69.51
002640,跨境通,服饰,山西,16.96,86.68,78.33
603383,顶点软件,软件服务,福建,37.41,45.0,81.82
002832,比音勒芬,服饰,广东,21.53,46.01,58.49
300450,先导智能,专用机械,江苏,29.06,195.53,120.0
002438,江苏神通,机械基件,江苏,36.4,81.91,75.0
002632,道明光学,化工原料,浙江,17.92,36.24,140.0
600064,南京高科,园区开发,江苏,5.5,42.35,224.14
300448,浩云科技,软件服务,广东,136.82,53.4,71.43
600781,辅仁药业,中成药,河南,9.81,1294.12,9233.33
600582,天地科技,工程机械,北京,17.37,37.05,63.71
300413,芒果超媒,影视音像,湖南,29.16,185.57,2566.67
300192,科斯伍德,染料涂料,江苏,14.0,92.74,133.33
002602,世纪华通,汽车配件,浙江,33.37,181.76,76.04
002382,蓝帆医疗,医疗保健,山东,58.77,118.25,101.79
002226,江南化工,化工原料,安徽,31.36,93.24,265.52
000004,国农科技,生物制药,深圳,336.53,142.86,150.0
300280,紫天科技,专用机械,江苏,70.85,44.27,187.5
300472,新元科技,专用机械,北京,56.45,166.67,150.0
002127,南极电商,互联网,江苏,27.13,440.67,53.4
603496,恒为科技,电脑设备,上海,27.16,54.55,68.18
300632,光莆股份,半导体,福建,22.95,46.26,117.65
300365,恒华科技,软件服务,北京,56.64,42.68,58.33
002099,海翔药业,化学制药,浙江,12.5,41.3,392.86
600383,金地集团,全国地产,深圳,7.71,125.67,155.24
600533,栖霞建设,区域地产,江苏,21.83,282.55,542.86
300363,博腾股份,化学制药,重庆,55.48,38.56,500.0
002550,千红制药,生物制药,江苏,16.05,37.08,74.07
603260,合盛硅业,化工原料,浙江,10.85,72.46,94.42
300525,博思软件,软件服务,福建,0.0,101.79,100.0
002728,特一药业,中成药,广东,16.34,31.14,70.37
002001,新 和 成,化学制药,浙江,7.23,39.35,52.06
002853,皮阿诺,家居用品,广东,28.7,39.17,51.43
300382,斯莱克,专用机械,江苏,28.84,56.96,133.33
300368,汇金股份,专用机械,河北,159.88,49.61,4100.0
300346,南大光电,元器件,江苏,45.52,47.37,90.91
300232,洲明科技,半导体,深圳,16.86,54.57,56.41
603638,艾迪精密,专用机械,山东,29.65,50.0,55.88
600162,香江控股,全国地产,深圳,49.13,112.75,73.98
600352,浙江龙盛,染料涂料,浙江,7.57,45.84,53.78
603357,设计总院,建筑施工,安徽,11.59,31.68,92.45
002622,融钰集团,电气设备,吉林,601.7,125.0,157.14
002393,力生制药,化学制药,天津,27.12,39.08,63.64
600025,华能水电,水力发电,云南,26.05,84.46,1335.42
300089,文化长城,陶瓷,广东,27.75,148.65,171.88
002392,北京利尔,其他建材,北京,10.23,96.54,96.67
600641,万业企业,区域地产,上海,4.22,115.49,68.42
600657,信达地产,全国地产,北京,18.54,47.43,961.67
300496,中科创达,软件服务,北京,73.24,37.77,180.0
601360,三六零,互联网,江苏,47.11,496.52,5052.63
600736,苏州高新,园区开发,江苏,8.99,128.18,88.89
601016,节能风电,新型电力,北京,13.96,44.91,133.33
603300,华铁科技,钢加工,浙江,27.13,54.64,344.44
002605,姚记扑克,文教休闲,上海,27.31,72.09,100.0
603029,天鹅股份,农用机械,山东,0.0,31.58,inf
002097,山河智能,工程机械,湖南,10.14,52.15,230.0
300035,中科电气,电气设备,湖南,23.23,54.63,83.33
603811,诚意药业,化学制药,浙江,23.27,89.74,62.5
600067,冠城大通,全国地产,福建,19.32,75.16,1066.67
002837,英维克,专用机械,深圳,29.3,48.86,141.18
300313,天山生物,农业综合,新疆,95.17,349.15,1600.0
603918,金桥信息,软件服务,上海,88.55,56.0,180.0
300515,三德科技,电器仪表,湖南,53.22,61.54,100.0
603007,花王股份,建筑施工,江苏,19.98,113.38,242.86
600466,蓝光发展,区域地产,四川,10.35,40.88,126.42
600053,九鼎投资,多元金融,江西,25.54,69.84,1340.0
300148,天舟文化,出版业,湖南,11.69,82.47,58.62
002738,中矿资源,建筑施工,北京,83.03,58.65,250.0
603660,苏州科达,通信设备,江苏,29.95,37.28,88.46
000603,盛达矿业,铅锌,北京,20.64,106.34,77.92
300164,通源石油,石油开采,陕西,29.22,124.31,428.57
300693,盛弘股份,电气设备,深圳,36.23,45.45,137.5
300084,海默科技,石油开采,甘肃,0.0,55.17,inf
000517,荣安地产,区域地产,浙江,19.88,452.88,2230.0
300490,华自科技,电气设备,湖南,45.85,130.36,200.0
300045,华力创通,电脑设备,北京,297.42,91.75,425.0
000036,华联控股,全国地产,深圳,6.47,619.89,1134.48
600420,现代制药,化学制药,上海,12.07,31.14,87.64
300467,迅游科技,互联网,四川,23.23,224.07,240.0
000620,新华联,全国地产,北京,35.42,115.77,201.72
300107,建新股份,化工原料,河北,12.31,215.27,1300.0
603988,中电电机,电气设备,江苏,42.46,65.75,100.0
300456,耐威科技,元器件,北京,52.12,60.58,1150.0
600727,鲁北化工,农药化肥,山东,18.79,46.34,78.95
600599,熊猫金控,多元金融,湖南,237.06,60.98,866.67
002028,思源电气,电气设备,上海,29.08,36.03,169.23
300545,联得装备,专用机械,深圳,31.17,39.58,106.25
000058,深 赛 格,元器件,深圳,25.37,112.08,110.53
000892,欢瑞世纪,影视音像,重庆,34.75,52.81,547.37
300409,道氏技术,陶瓷,广东,17.44,38.31,67.44
600622,光大嘉宝,区域地产,上海,9.04,180.21,79.69
603305,旭升股份,汽车配件,浙江,29.39,77.54,90.2
600371,万向德农,种植业,黑龙江,0.0,31.71,442.86
601588,北辰实业,区域地产,北京,7.1,135.61,158.02
